loss,pixel_accuracy,macro_dice_fg,macro_iou_fg,macro_dice_thoracic,macro_dice_lumbar
1.6162378787994385,0.8191599392361307,0.33988898320275207,0.21344254340739588,0.3069676904145274,0.4189000858944915
